modality_group,feature,source,task_count,tasks,files,frames_or_rows,bytes,bytes_human
action,action,data_parquet,8,"[""429_erase_board_lerobot"", ""430_clamp_seal_lerobot"", ""430_towel_hanging_lerobot"", ""501_bread_moving_lerobot"", ""505_screw_lerobot"", ""505_stiring_lerobot"", ""506_open_bottle_lerobot"", ""506_peg_flowers_lerobot""]",39,250065,9539655,9.1 MiB
depth_image,observation.images.phone_depth,data_parquet,8,"[""429_erase_board_lerobot"", ""430_clamp_seal_lerobot"", ""430_towel_hanging_lerobot"", ""501_bread_moving_lerobot"", ""505_screw_lerobot"", ""505_stiring_lerobot"", ""506_open_bottle_lerobot"", ""506_peg_flowers_lerobot""]",39,250065,3679303746,3.4 GiB
force,observation.forces.left,data_parquet,8,"[""429_erase_board_lerobot"", ""430_clamp_seal_lerobot"", ""430_towel_hanging_lerobot"", ""501_bread_moving_lerobot"", ""505_screw_lerobot"", ""505_stiring_lerobot"", ""506_open_bottle_lerobot"", ""506_peg_flowers_lerobot""]",39,250065,299603,292.6 KiB
force,observation.forces.right,data_parquet,8,"[""429_erase_board_lerobot"", ""430_clamp_seal_lerobot"", ""430_towel_hanging_lerobot"", ""501_bread_moving_lerobot"", ""505_screw_lerobot"", ""505_stiring_lerobot"", ""506_open_bottle_lerobot"", ""506_peg_flowers_lerobot""]",39,250065,582992,569.3 KiB
index,episode_index,data_parquet,8,"[""429_erase_board_lerobot"", ""430_clamp_seal_lerobot"", ""430_towel_hanging_lerobot"", ""501_bread_moving_lerobot"", ""505_screw_lerobot"", ""505_stiring_lerobot"", ""506_open_bottle_lerobot"", ""506_peg_flowers_lerobot""]",39,250065,155553,151.9 KiB
index,frame_index,data_parquet,8,"[""429_erase_board_lerobot"", ""430_clamp_seal_lerobot"", ""430_towel_hanging_lerobot"", ""501_bread_moving_lerobot"", ""505_screw_lerobot"", ""505_stiring_lerobot"", ""506_open_bottle_lerobot"", ""506_peg_flowers_lerobot""]",39,250065,1420694,1.4 MiB
index,index,data_parquet,8,"[""429_erase_board_lerobot"", ""430_clamp_seal_lerobot"", ""430_towel_hanging_lerobot"", ""501_bread_moving_lerobot"", ""505_screw_lerobot"", ""505_stiring_lerobot"", ""506_open_bottle_lerobot"", ""506_peg_flowers_lerobot""]",39,250065,1425756,1.4 MiB
index,task_index,data_parquet,8,"[""429_erase_board_lerobot"", ""430_clamp_seal_lerobot"", ""430_towel_hanging_lerobot"", ""501_bread_moving_lerobot"", ""505_screw_lerobot"", ""505_stiring_lerobot"", ""506_open_bottle_lerobot"", ""506_peg_flowers_lerobot""]",39,250065,155553,151.9 KiB
index,timestamp,data_parquet,8,"[""429_erase_board_lerobot"", ""430_clamp_seal_lerobot"", ""430_towel_hanging_lerobot"", ""501_bread_moving_lerobot"", ""505_screw_lerobot"", ""505_stiring_lerobot"", ""506_open_bottle_lerobot"", ""506_peg_flowers_lerobot""]",39,250065,1385772,1.3 MiB
latent,observation.images.wrist,latent_files,2,"[""430_clamp_seal_lerobot"", ""430_towel_hanging_lerobot""]",437,68056,2361736841,2.2 GiB
pose,end_pose,data_parquet,8,"[""429_erase_board_lerobot"", ""430_clamp_seal_lerobot"", ""430_towel_hanging_lerobot"", ""501_bread_moving_lerobot"", ""505_screw_lerobot"", ""505_stiring_lerobot"", ""506_open_bottle_lerobot"", ""506_peg_flowers_lerobot""]",39,250065,233470,228.0 KiB
pose,start_pose,data_parquet,8,"[""429_erase_board_lerobot"", ""430_clamp_seal_lerobot"", ""430_towel_hanging_lerobot"", ""501_bread_moving_lerobot"", ""505_screw_lerobot"", ""505_stiring_lerobot"", ""506_open_bottle_lerobot"", ""506_peg_flowers_lerobot""]",39,250065,233470,228.0 KiB
state,observation.state,data_parquet,8,"[""429_erase_board_lerobot"", ""430_clamp_seal_lerobot"", ""430_towel_hanging_lerobot"", ""501_bread_moving_lerobot"", ""505_screw_lerobot"", ""505_stiring_lerobot"", ""506_open_bottle_lerobot"", ""506_peg_flowers_lerobot""]",39,250065,9507988,9.1 MiB
state,observation.state_phone,data_parquet,8,"[""429_erase_board_lerobot"", ""430_clamp_seal_lerobot"", ""430_towel_hanging_lerobot"", ""501_bread_moving_lerobot"", ""505_screw_lerobot"", ""505_stiring_lerobot"", ""506_open_bottle_lerobot"", ""506_peg_flowers_lerobot""]",39,250065,8082951,7.7 MiB
tactile_video,observation.tactiles.left,video_files,8,"[""429_erase_board_lerobot"", ""430_clamp_seal_lerobot"", ""430_towel_hanging_lerobot"", ""501_bread_moving_lerobot"", ""505_screw_lerobot"", ""505_stiring_lerobot"", ""506_open_bottle_lerobot"", ""506_peg_flowers_lerobot""]",8,250065,721696971,688.3 MiB
tactile_video,observation.tactiles.right,video_files,8,"[""429_erase_board_lerobot"", ""430_clamp_seal_lerobot"", ""430_towel_hanging_lerobot"", ""501_bread_moving_lerobot"", ""505_screw_lerobot"", ""505_stiring_lerobot"", ""506_open_bottle_lerobot"", ""506_peg_flowers_lerobot""]",8,250065,598491872,570.8 MiB
vision_video,observation.images.phone,video_files,8,"[""429_erase_board_lerobot"", ""430_clamp_seal_lerobot"", ""430_towel_hanging_lerobot"", ""501_bread_moving_lerobot"", ""505_screw_lerobot"", ""505_stiring_lerobot"", ""506_open_bottle_lerobot"", ""506_peg_flowers_lerobot""]",36,250065,6896485013,6.4 GiB
vision_video,observation.images.wrist,video_files,8,"[""429_erase_board_lerobot"", ""430_clamp_seal_lerobot"", ""430_towel_hanging_lerobot"", ""501_bread_moving_lerobot"", ""505_screw_lerobot"", ""505_stiring_lerobot"", ""506_open_bottle_lerobot"", ""506_peg_flowers_lerobot""]",35,250065,6343968251,5.9 GiB
